Name,Ticker,"Sub-Sector","Market Cap","Close Price","PE Ratio","Return on Equity","5Y Avg Net Profit Margin","Return on Investment","5Y Avg Return on Equity","Return on Assets","5Y Avg Return on Assets","Net Profit Margin","ROCE","1Y Forward Revenue Growth","1Y Forward EBITDA Growth","1Y Forward EPS Growth","PB Premium vs Sector","PB Ratio","PS Premium vs Sector","PS Ratio","EV/EBITDA Ratio","Forward PE Ratio","Price / Free Cash Flow","Enterprise Value","Price / CFO","Price / Sales","Sector PE","Current Ratio","Long Term Debt to Equity","Debt to Equity","Inventory Turnover Ratio","Asset Turnover Ratio","Investing Cash Flow","Total Current Assets","Total Debt","Total Equity","Free Cash Flow","Book Value","EBITDA","Payout Ratio","Earnings Per Share","PBIT","Total Revenue","EPS (Q)","EBITDA (Q)"
Reliance Industries Ltd,RELIANCE,"Oil & Gas - Refining & Marketing","1678149.56308098","1240.1","24.10407151694144","7.935513763564524","7.9464806657646845","6.697025301510205","7.974433732096264","4.142960430595103","4.069443772103736","7.58805372814188","9.41642403480641","4.607826474319574","12.98","3.7501685700618697","22.146438462499493","1.8126715436806053","147.99817240086594","1.82902989737526","11.56305827320237","24.36345776031434","284.1912892601151","2066052.56308098","10.568491089257249","1.82902989737526","11.390851106271253","1.1830373433123536","0.37632697766659323","0.4957841320043034","4.183121682640089","0.5459845935499995","-113581","470100","458991","925788","5905","925787.9999999999","178677","0.10211630764769869","48.96377586673034","127845","917508","13.7","48003"
HDFC Bank Ltd,HDFCBANK,"Private Banks","1427059.63678645","1864.9","22.27621282098492","16.85673681150032","19.963981651886204",,"16.688333103024526","1.9512492696450114","1.9297415492711827","15.701681666164507","4.615515635159734","-58.80205235670055",,"-9.858187881840848","23.710600591664583","3.0377277400461904","68.83304788373991","3.4977400244283765","15.209618180342536","21.27666856816885","96.53631337249081","1211608.5267864498","74.83529250548","3.4977400244283765","17.62347512832906",,"1.555233427487605","0",,"0.1242700820925284","16600.42","228834.50999999998",,"469778.65","14782.619999999999","469778.6499999999","79660.68000000005","0.20054367784416466","97.23567558760318","76568.60000000005","407994.77","23.11","23972.869999999995"
Tata Consultancy Services Ltd,TCS,"IT Services & Consulting","1175227.18759676","3248.2","24.45485959582912","65.05750082917618","21.36496441923414","58.60999591316681","53.556361290362894","37.90283145358467","33.751605821568255","21.406712844384064","75.95678864323054","18.602418762110513","10.184","7.811584696839165","102.85668203778188","15.541838311447954","36.79099237984516","5.234981570176441","16.97250577313877","22.682960893854748","31.396323669500962","1146849.18759676","28.79329644249216","5.234981570176441","27.458074989494207","2.097576349070798","0.08577436290781174","0.10020233545366783","2.0851063829787235","1.7706049372978943","4874","103163","7577","75617","37432","75617","67571","0","132.8243160534847","63351","224495","33.79","18008"
Bharti Airtel Ltd,BHARTIARTL,"Telecom Services","1077955.48578644","1798.8","144.36259351633103","7.04406716343988","-6.9374181308937555","9.376963608362528","-6.097287985534595","1.684457579619208","-1.898531197538368","4.844699702583305","11.645471225779733","12.017476473977347","15.784999999999998","185.6207868795376","-16.690578123939535","10.211402627095435","23.95333595311568","6.9939341387272345","17.371210119996324","49.28219178082192","27.74895900517779","1300483.4857864403","13.662611894649563","6.9939341387272345","-117.81150547736026","0.4202569017464762","1.7514481749916402","2.0422919198703346","40.66580852775543","0.3476908132656843","-51089","58276.100000000006","215592.30000000002","105563.90000000001","38846.7","105563.90000000002","74864.29999999997","0.6226066199008994","12.849204849883163","35326.699999999975","154127.19999999998","25.54","34271.600000000006"
ICICI Bank Ltd,ICICIBANK,"Private Banks","961739.84784244","1350.2","21.73110064226764","18.019082409233544","14.150460914783896",,"13.762043430625008","2.0432080310386915","1.470573680966709","18.74970582033642","6.528727006172","-53.617330585241604",,"4.434108080236208","45.04408664096837","3.5615738943281783","96.67362170282989","4.074517441946421","13.032945834210212","20.457575757575757","6.261085414101134","812859.35784244","6.114651921425686","4.074517441946421","17.62347512832906",,"0.76816007094856","0",,"0.108972804726492","-144736.58","162768.91",,"270032.26","153605.93000000002","270032.26000000024","62369.57999999996","0.158233497091267","63.197743738369965","60434.36999999996","236037.72999999998","18.26","18483.020000000004"
State Bank of India,SBIN,"Public Banks","681394.7395959","763.5","10.15723775253951","16.722561093597644","8.583260453109467",,"12.157484754845841","1.055416680785702","0.7423886740699532","11.282792125937377","5.124775276540176","-62.99937148372728",,"4.459141942259449","-35.54953439256739","1.582588446731561","-44.68255165047953","1.1460200213562666","3.895716289805272","9.723637289862456","31.498760869486233","370440.3895959","31.498760869486233","1.1460200213562666","17.62347512832906",,"1.485539212879833","0",,"0.09354215419421438","-3475.76","326572.31",,"430557.13000000006","21632.43","430557.1300000008","95089.16000000003","0.18225805458595956","75.1681456883903","91240.04000000004","594574.9","21.12","25566.399999999994"
Infosys Ltd,INFY,"IT Services & Consulting","590802.6863692","1426","22.52135426253955","31.941603350866938","17.420113464760377","27.58004544515596","29.04713482544775","20.131534518218373","19.62189593579788","16.563224124105794","37.49820006994014","3.7695809472095694","5.587000000000001","0.48465030152861605","-12.827892012577724","6.678679716137054","-2.5275855759658405","3.7302623822882794","13.900371605630106","22.3861852433281","25.67702578856969","571805.6863692","23.435251343482744","3.7302623822882794","27.458074989494207","2.305304944063515","0.07234826646770894","0.09449361865680922",,"1.2154357368695705","-5093","89432","8359","88461","23009","88461","41136","0.7256348373422788","63.39276676472742","36458","158381","16.43","10974"
Bajaj Finance Ltd,BAJFINANCE,"Consumer Finance","566083.6606095","9141","39.172168108845185","22.051521153288157","22.55669032790061","3.905286973736273","19.190106528696678","4.439902285201667","3.819786965731102","26.279560975920226","5.654878505846499","-17.894170466892692",,"13.393298759304658","200.58662636309478","7.380938487268129","396.89617006957417","10.294273803753946","42.45536691341273","34.09548675867214",,"848805.4806095001",,"10.294273803753946","17.62347512832906","0.4159652636271757","3.4522576662079256","3.824818975335533",,"0.1689488758685854","-7171.18","14256.86","293345.83","76695.34999999999","-73797.92","76695.35000000003","19992.889999999996","0.1522625421609462","236.4337248615414","19309.569999999996","54990.149999999994","68.63","5984.550000000001"
Hindustan Unilever Ltd,HINDUNILVR,"FMCG - Household Products","554855.9765213","2361.5","53.99007264000195","20.16185197900829","16.624862519231378","20.055947228155066","34.21582681241548","13.561088898565641","18.639600431164013","16.338632750397455","21.73349793486047","-2.278597138314786","5.745","-0.5476112707988695","14.5827119837273","10.790035130608873","62.90847750147042","8.821239690322734","35.17885606883562","54.28735632183908","39.65522988288308","544427.9765213","35.868897570709166","8.821239690322734","49.68463098538352","1.6561043802423112","0.02150788557649301","0.028858681912762772","6.592046416052218","0.8300014515128723","-5324","21324","1484","51423","13992","51423","15476","0.960229960144011","43.73952255530647","14260","62900","12.7","4435"
ITC Ltd,ITC,"FMCG - Tobacco","526093.59559324","420.4","25.714807803458466","28.330617807699795","26.644893033165708","27.314684533483","25.461642363991558","23.04112178888152","20.948441592743286","27.783495809480225","34.86894078761706","-5.318357959950541","9.440999999999999","2.33315406576906","-25.40055495387936","7.02488725250177","31.942355755547723","7.144472548489777","17.447724818985044","26.440251572327043","38.63695985579374","506617.89559324004","30.62447657139298","7.144472548489777","49.68463098538352","2.9995865716122236","0.0031028187085667142","0.00405167741421181","2.2339226447729597","0.82930967171595","1562.77","41065.53999999999","303.43","74889.97","13616.33","74889.97","29036.33","0.8371708111108044","15.537486501961174","27219.940000000002","73636.45","3.736673320152494","7165.299999999999"
Life Insurance Corporation Of India,LICI,"Insurance","496069.56968943","784.3","12.124141859192227","63.31293790764639","2.1397977328071187","49.35590762802231","115.56795732654723","0.8270390790101415","0.3807190408767106","4.753262806361692","0.8951120156999925","4.27569499326686","4.1160000000000005","2.1810432920372507","143.69589865726823","5.983980256713327","-72.18284117151502","0.5762923255835132","9.570404513474665","11.86535552193646","19.56582462681964","454397.82968942996","18.990744064384522","0.5762923255835132","17.62347512832906","3.089573975883369","0","0",,"0.173993972709282","-25268.76","197099.31","0","82899.59999999999","25353.88","82899.59999999964","47479.47999999998","0.15458554204544214","64.68910266563213","47013.53999999998","860795.03","17.4","12213.040000000008"
Larsen and Toubro Ltd,LT,"Construction & Engineering","447982.5996704","3257.6","34.30422131909445","12.671558001460156","6.225633683327308","10.31255362726359","11.87885194558682","3.9051457973857677","3.3822424938862974","5.7941247120820405","18.480366647449426","14.840573637030051","19.691","15.114816108947933","-28.11940246988236","4.368445489437996","-44.18559368521603","1.9876293647369674","15.726902977057453","30.030013420215354","32.58114508775796","530179.2196704","24.525114017216428","1.9876293647369674","41.78192531806184","1.2291824048518938","0.5679370365538023","1.1343013716476484","11.576609956004067","0.6739837320454405","2178.89","217074.51","116322.22","102549.66","13749.75","102549.65999999997","33711.610000000015","0.3619125939899422","93.94533532299482","30029.280000000013","225385.38","24.43","8866.029999999992"
Kotak Mahindra Bank Ltd,KOTAKBANK,"Private Banks","421543.03897586","2120.2","23.144906305690203","15.034466072732451","19.319321742183206",,"13.883883495178448","2.6233257478664327","2.3505787785853363","19.31945964689489","7.3961770775843","-57.70436380542612",,"-10.53000724199635","32.08430771145803","3.243345062112063","115.83423701065509","4.471470834039449","14.452839996214172","25.85609756097561","28.95549270319563","356336.64897586","26.87555237334141","4.471470834039449","17.62347512832906",,"0.5778613019496784","0",,"0.13578670396654005","-8919.06","65206.39000000001",,"129971.69","14558.31","129971.69000000006","24655.130000000005","0.021821949453171622","91.65084009986643","23863.380000000005","94273.91","23.64","6180.080000000002"
Sun Pharmaceutical Industries Ltd,SUNPHARMA,"Pharmaceuticals","409086.612385","1705","42.718293591628566","15.14993026499303","13.232142196918815","13.945581420990502","10.185291133009505","11.536436755826355","7.501728214434611","19.19607786931991","16.57741307782545","5.711348228412242","10.537","23.269210833321146","-2.491287493700347","6.096128442596091","34.511848051643135","8.200236902293716","28.57410375171072","34.65447154471544","41.18389319673377","396694.2823849999","33.711354479776645","8.200236902293716","49.044711930042666","2.5573303218307837","0.004524485675417551","0.04878358810698959","1.0922991324417335","0.6009788475730472","-762.9","43433.11000000001","3273.67","67105.97","9933.17","67105.97","13883","0.3382386882621617","39.91264296039498","11326.36","49887.17","12.1","4158.469999999999"
HCL Technologies Ltd,HCLTECH,"IT Services & Consulting","386619.91692885","1426.5","24.622335812562095","23.493854221996123","14.845243433012204","21.957611206419106","22.543559597691598","16.3344707057257","15.386804094900347","14.094140456699698","28.21185107498689","5.12934439178515","6.353000000000001","10.606652747420695","-26.08460701361688","5.663018220457442","-9.320276227387017","3.4703065931427726","14.213712564856186","22.2890625","18.066351258357475","365192.91692885","17.22291148114977","3.4703065931427726","27.458074989494207","2.6107101997711872","0.06682193024856821","0.08434034948953435","10.23728813559322","1.1589547270306257","-6608","59331","5758","68271","21400","68271","25693","0.8986790535727931","57.86270392446394","21520","111408","16.94","7337"
Maruti Suzuki India Ltd,MARUTI,"Four Wheelers","372724.251477","11855","27.63335741440662","16.8353967455544","6.702119008786963","15.954596021671161","11.424191524274244","12.52327537102487","8.53852325866595","9.225489002488288","19.717567426915725","4.1713184771055385","2.697","5.602165289438006","-30.36138736415523","4.3524248152295755","17.145069853494977","2.5493123492843646","16.005283378741698","25.654620212075308","49.03492231187182","366103.251477","22.18451479230527","2.5493123492843646","36.517693012135595","0.8721475966984947","0.0007905553739081692","0.0013849315708346953","18.79885890573892","1.357464668555467","-11864.8","22633.8","118.6","85636.00000000001","7601.199999999999","85636.00000000001","22873.90000000002","0.2856583133776185","437.5857244342108","17618.10000000002","146205.80000000002","118.54","6201.299999999996"
NTPC Ltd,NTPC,"Power Generation","351504.1473575","362.5","16.889583183338942","13.168919237436327","11.02508833220512","8.231729433342569","11.742079635439694","4.4927447520208","3.8972504048625085","11.317465559501056","10.625272563488329","-3.8328464799869573","2.616","-2.6228169567492867","-32.40060036695276","2.128750568109282","-31.612740103631545","1.9114727599176666","10.347649796348502","17.344497607655505","35.260887095018695","586150.7973575001","8.618552922991258","1.9114727599176666","22.73527808755144","0.8442172292867121","1.1630944049464431","1.4360931789459301","6.837967084127475","0.39697445761159167","-32141.37","83286.58","237130.98","165122.28000000003","9968.669999999998","165122.28000000003","56645.79000000001","0.36108764047138425","21.46293345815634","40442.16000000001","183891.79","5.22","14326.650000000001"
UltraTech Cement Ltd,ULTRACEMCO,"Cement","344693.3927553","11719","49.206765561070576","12.218351091222614","11.372063091015425","11.122058488942892","13.268363652525972","7.290135042336652","7.141875881725937","9.790753224099944","14.061521575993897","3.001956927674218","21.074","-8.63417175374748","72.68856184095773","5.717880517649794","132.80574484357075","4.8177129856458185","25.84934104898073","52.859720342805595","182.18948320795997","349884.2727553","31.630385642567035","4.8177129856458185","29.1167129459607","0.8601614660840944","0.10367510668770949","0.18915565838832635","4.051728165112501","0.7445938913455586","-8788.68","23143.47","11402.95","60283.420000000006","1891.9500000000007","60283.420000000006","13535.520000000013","0.2884802876516769","242.65089503973635","10390.220000000012","71547.1","50.99","3130.119999999999"
Axis Bank Ltd,AXISBANK,"Private Banks","344681.4862712","1112.8","13.062945261962675","18.34298083205708","11.45726619923782",,"9.942664235926706","1.842765542284529","0.9876881974431925","19.121909109513975","7.785822207657965","-42.30629628472805",,"-1.8942703936149743","-10.88882685503453","2.1881348996438366","20.57084112338617","2.497884520018065","6.254030230741499","13.247619047619047",,"228687.7462712",,"2.497884520018065","17.62347512832906",,"1.4486748471460922","0",,"0.09636932859217878","-9001.33","116493.18",,"157522.96","-7940.08","157522.95999999996","36566.460000000036","0.011679253524569645","85.62191050106927","35178.00000000004","137989.36000000002","21.79","9006.759999999998"
Mahindra and Mahindra Ltd,M&M,"Four Wheelers","317302.8451614","2646","28.158042599763633","15.371933137252714","5.111664986751403","10.07584528702421","9.631731420563991","5.133719814998856","3.133187780660736","7.914698054701859","14.742163851367367","-19.326288706280234","-35.793","3.7541278253632866","-36.16542467261635","3.98967152285767","2.4089182615525515","2.228624049885613","14.530080233382462","26.03942936450507",,"409599.76516139996",,"2.228624049885613","36.517693012135595","1.3007451785774562","0.8868686162527424","1.340677549038382","4.842529814836548","0.6486311643877664","-5614.77","98265.64000000001","106625.52","79531.07","-15575.939999999999","79531.07","28189.77999999998","0.21653927765728642","97.44190628267758","23465.99999999998","142376.12","28.51","8949.32"
Bajaj Finserv Ltd,BAJAJFINSV,"Insurance","313860.5508096","1968","38.52094258806374","8.9845216454206","7.086938608476153","2.0747680843247416","8.22315766698548","1.728393980125227","1.620134497987085","7.380840247161254","5.870087927614709","20.30381926657306","-42.777","15.575946515742281","23.16817359964036","3.0244083841240528","37.23745163855242","2.8431692341256887","28.45563043361304","33.2994923857868",,"633853.7208096",,"2.8431692341256887","17.62347512832906","0.20832870932481168","2.508858274829837","2.7841990212559087",,"0.23417306461686188","-10959.69","36099.28","288932.62","103775.85","-70109.67","103775.84999999996","22275.160000000003","0.01955599771839971","51.135207438643086","21375.030000000002","110391.09","14","6100.009999999998"
Oil and Natural Gas Corporation Ltd,ONGC,"Oil & Gas - Exploration & Production","292730.516844414","232.69","5.9472252868351","14.726500362138646","6.154337800521191","11.464180096639781","11.251883774188014","7.421976180909794","5.379634648306854","8.119548386107024","15.615340439495684","6.294325558995333","2.773","-6.966773774637764","-45.970730083912535","0.8018025030897512","-34.52523620542408","0.4828878347953681","3.728827300145573","6.3925824175824175","4.771711458174188","431861.516844414","2.9490488001525446","0.4828878347953681","11.390851106271253","0.8822157809645513","0.2833746586976847","0.4195685974342529","4.7410365886964145","0.9140873147094225","-57203.42","134345.76","153180.53","365090.55000000005","61347.07","365090.55000000005","115816.98000000004","0.3130925882584306","39.125806420842814","87054.23000000004","606208.1","6.85","26689.149999999994"
Titan Company Ltd,TITAN,"Precious Metals, Jewellery & Watches","290365.3954084","3273.4","83.05646321750572","32.83091515236888","6.748485193186558","16.51217848400947","25.302657946296087","11.938463639933751","11.069389676055213","6.772831182920687","34.90478092955121","5.47328451315432","22.893","-2.8280637871853562","394.60598573904696","30.912955968103905","158.49053787871236","5.6252740402262775","51.956985137040846","84.73067067015246","289.208561163745","302701.3954084","171.30701794005898","5.6252740402262775","36.517693012135595","1.5492770282533728","0.5678696901948259","1.653145959757266","2.3669987371965764","1.762699130909898","-189","25608","15528","9393","1004","9393","5826","0.2800343249427918","39.28089887640449","5242","51618","11.8","1802"
Power Grid Corporation of India Ltd,POWERGRID,"Power Transmission & Distribution","283249.88930764503","304.55","18.188337454161207","18.302911064961553","31.66789524821818","11.556896159199985","19.28656384403654","6.1914402438924485","5.609613537724746","33.13386834630014","13.185407608354241","-3.8966695368348447","5.357","-0.2643717624348382","3.215468548340956","3.250324536943554","115.61165599796949","6.026499786442574","9.872294969949339","18.346385542168672","10.942305317968065","398662.71930764505","7.595969088017942","6.026499786442574","22.73527808755144","0.6164780974908337","1.2063731401566882","1.417362488841887","0.23770753744026263","0.18686137637725625","-13114.39","27052.969999999998","123516.21","87145.11","25885.760000000002","87145.10999999999","40381.969999999994","0.6718717471093462","16.74426711407628","27286.699999999993","47000.729999999996","4.15","10085.390000000001"
Hindustan Aeronautics Ltd,HAL,"Aerospace & Defense Equipments","281293.45275","4206.1","36.91006524691479","28.91268018141915","18.19082640631814","26.25273491680749","26.14341905020217","10.148758706155615","7.923095462449385","23.59152902194082","24.580562760872713","1.8784565960194617","-8.933","-6.722251363001171","58.82828969862564","9.65257315005485","144.51854770618954","8.707648754743195","21.834911342323732","39.570064443294605","43.492374007560706","254915.60275000002","34.20887879705503","8.707648754743195","41.78192531806184","1.6819919984649974","0.000037060155151652947","0.0017198657187045005","0.8547188165302608","0.4301865596213357","-6410.05","65833.15","50.12","29141.809999999998","6467.65","29141.810000000005","11674.68","0.3071377959729958","113.95536615453629","10267.51","32304.18","21.53","2319.34"
Adani Enterprises Ltd,ADANIENT,"Commodities Trading","279103.98388678","2418.2","86.15517089928534","7.89399234907405","2.2329903748931734","7.11826795464766","6.136189552109822","2.1463588060241037","1.9217357190732423","3.296153526041299","8.136095550490683","-1.5887224959336583","49.661","56.94787855288533","3.9353432928379513","6.316529038459213","-20.255693533917174","2.839806703463701","27.23002844263071","54.21973094170403",,"341001.37388678","27.065442344136404","2.839806703463701","41.78192531806184","0.829044868243327","1.3044281382302065","1.4780636708807187","6.282775095992602","0.6511707628503258","-18766.65","36526.15","65310.149999999994","44186.29","-12053.72","44186.29000000001","12522.990000000002","0.04574713948850918","28.41707731969855","9480.840000000002","98282.73999999999","0.04","3718.8700000000026"
Avenue Supermarts Ltd,DMART,"Retail - Department Stores","274134.31955636","4212.7","108.08988338966249","14.585698462048079","5.0102051261002085","13.449285880919657","13.43563802801863","12.914275530208506","11.902848984689022","4.979201056713535","18.3368814390825","16.53482827030696","26.453","12.681464617908224","134.58617632820835","14.661674845532039","147.31227776913738","5.3820126159385016","64.46281829090262","95.74318181818181","18789.192567262322","273981.15955636","99.83623210251143","5.3820126159385016","36.517693012135595","3.1336994856351748","0.021352769966209096","0.031670815206869","12.365415804953148","2.5936441174224094","-2468.23","6202.03","592.16","18697.34","14.590000000000146","18697.34","4250.2199999999975","0","39.04812574916352","3519.4599999999973","50935.27999999999","11.12","1241.380000000001"
Adani Ports and Special Economic Zone Ltd,ADANIPORTS,"Ports","261549.6234606","1210.8","32.2477170063768","15.946559059152545","27.831569428010415","10.441910003696798","14.579220003909976","7.066174907832246","6.287199492954627","28.750959766720857","12.305520416216002","7.083328843196614","16.836000000000002","33.1669846645887","-21.293617119029008","4.783273304625727","160.35278410952353","9.271528142189394","18.69750334475402","24.215999999999998","34.4086290020365","304020.8434606","17.41622974278146","9.271528142189394","41.78192531806184","1.0613146861982126","0.7402912030987535","0.899169989786037","2.7624454737599495","0.24577179214765973","-6767.56","17472.36","49166.659999999996","54680.05","7601.28","54680.05","16259.970000000001","0.15980038159750645","37.546844006370165","12371.510000000002","28209.980000000003","11.67","5024.5"
Wipro Ltd,WIPRO,"IT Services & Consulting","255229.7437844","244","23.10775212620866","14.495602839485603","14.244414749968353","13.497359322037624","17.501643175650607","9.540945853845207","11.527535671523841","11.954831147155954","17.877848910792046","-3.307299079673268","-0.777","19.301224640658347","-55.384114863831314","3.4182402371114415","-27.815576911528137","2.7624927485915847","11.918313382365229","19.83739837398374","15.40256501179197","231016.24378440002","14.483914274776412","2.7624927485915847","27.458074989494207","2.5773079086422293","0.10213615117789654","0.22051106914701277","3.658233890214797","0.7980828617654706","1144.1","65066.19999999999","16464.9","74667","16570.6","74667","19383.300000000007","0.048496432780755425","10.310036663117463","15976.200000000006","92391.1","3.21","5544.4000000000015"
JSW Steel Ltd,JSWSTEEL,"Iron & Steel","245946.2845392","1008","27.910381813345438","11.998583916560007","7.327937068376396","10.084048640915594","16.96433420833476","4.01973373597575","5.3917486314436704","4.989835729534143","13.276031464534427","-2.9545151773226266","21.564","-35.57885093797663","-6.931959754562206","3.0815702468200277","-32.701591233842024","1.39268220397171","10.913116112189366","53.918159935811715",,"323650.2845392","20.363163151117735","1.39268220397171","29.1167129459607","0.9768258533262696","0.869267779281311","1.1019395579612088","3.0974207188160676","0.8055843827049268","-14467","64534","87948","79812","-3723","79811.99999999999","29657","0.25155088962437583","29.01997290051569","21485","176599","2.94","5629"
Coal India Ltd,COALINDIA,"Mining - Coal","243581.837124675","395.25","6.51248458649657","51.5198953796922","18.375338798057072","42.41905520596934","49.51160654260464","16.337678795172593","12.471603945936064","24.81576253804327","28.429759242825952","-5.941412244926673","-7.37","-8.059041131813132","-11.984094974945135","2.9142893033620316","-21.90430346230345","1.616122710311658","3.858093811754221","7.083333333333334","190.03700936577462","217470.717124675","13.455255570851126","1.616122710311658","29.1167129459607","1.6884705616234732","0.0690758405827099","0.07804357163452853","0.29409253644204575","0.6583589269169733","-4485.8","104502.82","6523.03","83581.9","1281.7599999999984","83581.9","56367.40000000003","0.4201602959030045","60.691122527881035","49631.98000000003","150719.89","13.8","14531.43"
Asian Paints Ltd,ASIANPAINT,"Paints","231597.38212673998","2415.7","42.415316227840194","30.44491472855684","12.888277283029131","25.871698223495606","26.46625870818739","19.61285989069704","16.87355047065239","15.035457126107206","35.29442551125454","-5.852814582347204","1.056","-21.948479884671556","260.1062243845533","11.92345539705864","208.17124677312458","6.377336686339705","27.418673239011927","54.36994157206262","64.19850260753647","230479.72212673997","37.94439054439019","6.377336686339705","29.1167129459607","2.0629505373510755","0.05918909290103627","0.1273898663898911","2.891712165352871","1.3044405451858023","-2548.48","17537.06","2474.38","19423.68","3607.5200000000004","19423.68","8405.940000000002","0.5849806035093758","56.9249643496364","7552.940000000002","36315.69","11.58","1829.5600000000004"
Tata Motors Ltd,TATAMOTORS,"Four Wheelers","229053.51872723998","622.2","7.294909461619423","43.102956454319454","-1.2397869152115568","20.655613598225933","-3.091636326859434","8.917725407438263","-0.33791299353056575","7.062487529231172","19.367111203310667","0.3963384934247253","13.780999999999999","-37.66939457458803","-60.63280823067213","2.460456001022192","-76.32562262824158","0.5152020709955766","4.361718095524372","10.527918781725889","6.27514144472714","284431.99872723996","3.372632033861559","0.5152020709955766","36.517693012135595","0.9660242948559182","0.7499742464412019","1.1521964965922054","6.245874352635897","1.2626890129757233","-22781.56","167718.24","107262.50000000001","93093.93000000001","36501.729999999996","93093.93000000005","65211.00000000003","0.06349467445712595","94.49611406467533","37940.870000000024","444589.67000000004","14.81","14807"
Nestle India Ltd,NESTLEIND,"FMCG - Foods","228302.7739164","2367.9","58.050359006824586",,,"110.66120008031649",,,,"15.529936720732104","82.75267664485553","-20.13978696308874",,"-20.96359900634656","625.680160670275","68.33591465639395","66.49019351458539","9.015184019917669","38.14854874741718","73.19948102838485","99.60332526935764","227828.47391640002","54.686049817212364","9.015184019917669","49.68463098538352","0.8833817399591009","0.08422905273744422","0.10312521513728377",,"4.813096190651768","-1237.42","3494.7200000000003","344.53","3340.89","2292.12","3340.89","5972.139999999999","0.7894005490180125","40.790445408298375","5434.36","25324.25","7.14","1081.5500000000002"
Bajaj Auto Limited,BAJAJ-AUTO,"Two Wheelers","223280.4204764","7995.5","28.96645933136488","26.432494221501035","16.52176965894685","25.162142063136294","22.310302696309712","20.69877956727793","18.17876059402987","16.550507535957795","33.387036955011254","9.33129271156206","19.102","10.666386943712192","23.348714211632473","7.709315052968639","120.29654977662253","4.794096034537695","20.90795089581918","26.344316309719932","38.263612017232994","218805.2604764","34.04619900648962","4.794096034537695","36.517693012135595","1.2977748885464344","0.026212243313921975","0.06600760571803048","19.75064415951788","1.2506431915944305","-71.97","11798.37","1911.74","28962.42","5835.32","28962.420000000002","10465.17","0.2917071155023715","274.24768114492434","10100.4","46574.04","78.7","3098.3600000000006"
Bharat Electronics Ltd,BEL,"Electronic Equipments","214688.20420773","293.7","53.880568853395125","26.366796729858663","15.93548085667634","24.359141580676436","21.683258751192714","10.62333707083447","8.53252284262384","19.029743466304467","30.1710596713935","12.238613522154045","13.651","23.83174659871199","71.44562138511327","13.13528398476358","167.921427897869","10.253334030986638","35.60484354680353","43.51111111111111","53.57882389834938","203712.04420773004","46.075472682145474","10.253334030986638","27.458074989494207","1.5463572401270997","0.003686280124250584","0.003824553868330357","1.6108377680143253","0.5582490951412441","-5923.85","34066.25","62.51","16344.39","4006.96","16344.39","5721.470000000001","0.40359976669209835","5.450944677275681","5278.270000000001","20938.38","1.79","1855.87"
Adani Power Ltd,ADANIPOWER,"Power Generation","209123.22938102","542.2","10.0401045562906","56.77420638582015","14.26329771985541","31.14287070095532","22.451239222675376","23.42547589206424","8.15792256185213","34.552552458897814","31.723307307895666","-7.425962335364023",,"-39.91121489272777","53.26269601862437","4.826345396418423","24.11533967696367","3.4691123937404993","8.394209632375025","16.70878274268105","18.078203046501898","235969.03938102","14.758010986547074","3.4691123937404993","22.73527808755144","1.6205658868036381","0.6128300059636018","0.7946330815573309","7.884566250536904","0.6779665820616336","3480.9","25586.579999999994","34431.07","43329.52","11567.7","43329.520000000004","28110.929999999993","0","54.00342167356076","24179.59999999999","60281.479999999996","7.67","6185.18"
Interglobe Aviation Ltd,INDIGO,"Airlines","203112.1907064","5256","24.853249903505183",,"-9.97056346035318","23.23818497666418",,"11.559812083001342","-3.440110887644078","11.473153041449839","23.834800905919725","12.892447631064835","3.492","-17.824006132166335","1574.043199034868","101.7376971425999","-19.928700142032998","2.851451397203134","11.887800002055336","30.085861476817403","10.097583770184634","222100.48070639998","9.572825492181483","2.851451397203134","41.78192531806184","1.1641255107421444","18.965583566666496","25.68585925877691","39.8750524315922","1.0075532019174176","-11811.74","35853.11","51280.02","1996.4300000000003","20114.93","1996.429999999993","18683.06","0","211.85189470296748","12257.330000000002","71231.16","63.38","6060.700000000001"
Eternal Ltd,ETERNAL,"Restaurants & Cafes","201626.737555497","222.23","574.4351497307607","1.7612082591133746","-31.560317883361016","1.9995272985109902","-35.33562052730967","1.5615615615615615","-20.34274044748387","2.7081243731193583","1.7063883796361585","56.216980726795775",,"45.67718334188032","58.09170137054892","9.880757500514408","614.8428511150659","15.55641829762341","225.37428296456355","370.3833333333333","467.8114560452367","200357.737555497","312.1156928103669","15.55641829762341","36.517693012135595","2.6202592414786365","0.02881505439576595","0.03670489071841615","34.36257309941521","0.5766210655099544","-348","5458","749","20406","431","20406","889","0","0.41186957781295025","363","12961","0.07","414"
Indian Oil Corporation Ltd,IOC,"Oil & Gas - Refining & Marketing","187628.894394921","132.87","4.496292553213815","25.185604132473525","3.2629120585910436","15.465019635554091","14.463966376984487","9.025775181799723","4.784832819055092","5.338047991697707","24.501539306956197","-3.2415649164864315","-36.732","-73.04767210223704","-32.80650542140821","0.9971615797906742","-67.45646612375202","0.24001425433768359","3.8436024049861333","19.83134328358209","2.838871271490184","311464.51439492096","2.6389945121997567","0.24001425433768359","11.390851106271253","0.7271855710910899","0.28233444219474","0.7048546956473586","5.3205785820193885","1.690838148296448","-31463.75","157585.52","132627.56","188162.97999999998","66092.78","188162.97999999995","81034.53","0.3960219210830466","30.301352933146283","65168.42","781740.63","1.54","9508.420000000013"
Varun Beverages Ltd,VBL,"Soft Drinks","186205.52500152","550.6","71.76545686550735","21.781458426900265","9.82320237549793","15.728903719687679","22.865844486655945","13.544984593378745","10.92483749857961","12.89011034869233","21.05367573054392","18.77761716972394","23.439","25.19957504432214","18.125235545673966","11.123627808096229","70.8386580023202","9.250646582207093","38.39162694804805","55.89847715736041",,"186711.53500152","55.07246901940788","9.250646582207093","49.68463098538352","1.738112867256207","0.07155291272691645","0.1688357694669658","3.8889666839344685","1.0508043939866543","-4310.56","7863.970000000001","2826.25","16739.640000000003","-397.9100000000003","16739.640000000003","4863.34","0.1277546684125736","7.827502606562909","3915.9500000000003","20128.920000000002","0.56","623.9199999999996"
Grasim Industries Ltd,GRASIM,"Cement","184443.249999405","2718.6","32.79288433251816","4.29557733460117","5.7797622167820935","5.397419272164497","5.254392726720857","1.5019882920812557","1.9795746829959708","4.250310924266872","7.187493010668515","-76.37190940371912","-90.498","-92.407927751463","-59.91017024351906","1.3274119262837683","-32.647598094350336","1.393799545167219","12.335179866276357","420.0452399199031",,"345120.569999405",,"1.393799545167219","29.1167129459607","0.9343557982206325","0.6317244564788708","0.9870052807667129","3.868957692156673","0.35338315686641936","-23113.76","86365.16","137143.91","138949.52000000002","-30204.36","138949.52000000002","27978.559999999998","0.11730353156499526","85.2489253016157","22977.239999999998","132331.26","13.47","7175.550000000003"
Hindustan Zinc Ltd,HINDZINC,"Mining - Diversified","183336.59141","433.9","23.62889436911973","55.17118782664344",,"36.434335409959445",,"22.37248060897898",,"25.858161700993136","48.85052485468899","12.944077851096447","22.144","36.49036019461269","264.39880575430743","12.065586798947022","195.25265890002703","6.109997714123842","12.356387739986422","17.32135728542914","19.23581905466373","182009.59141","13.73719402142964","6.109997714123842","29.1167129459607","1.1645604649017618","0.2911484040802896","0.5740046067785456","1.5010559662090812","0.8651999653989216","-3406","12625","8722","15195","9531","15195","14730","0.7083332065987884","18.35294446016762","11262","30006","6.34","4717"
Trent Ltd,TRENT,"Retail - Apparel","173371.2347297","4877","116.60696444020735","43.952015797657474","3.3429188311474833","31.669962668087493","13.167792183260058","19.507612534834987","5.430016425831206","11.125394903629278","40.71843395702701","30.200343908494613","39.617999999999995","9.984014030132023","576.1417568198841","42.25897170560548","496.12988073275426","12.972985279107634","58.83962181703613","106.02173913043478","283.27244535349575","174141.7447297","128.520241018918","12.972985279107634","36.517693012135595","2.0174573621283582","0.3275394324073329","0.4272886152406163","4.995268165590426","1.7534310200954122","-508.21","3109.8500000000004","1752.99","4102.59","612.03","4102.59","2959.5999999999976","0.07651061845574401","41.82426001236644","2288.4899999999975","13364.019999999999","13.99","927.2399999999998"
Tata Steel Ltd,TATASTEEL,"Iron & Steel","170287.853750781","136.41","-38.37524648238198","-4.491155340663164","4.762094861198428","1.7102372472117362","11.30350005011201","-1.5999186599368813","4.085603575591156","-1.9203532718826393","3.7215899882124392","-3.7853000865739443","-35.083","183.44913062824514","-44.36009991575578","1.842289363604076","-64.38892555702202","0.7369403014174498","15.29044842638633","45.47","81.3190837702565","248358.013750781","8.388287369371604","0.7369403014174498","29.1167129459607","0.716474458017135","0.6070947372110791","0.9421133680555179","2.0773446011521943","0.8331376749072756","-14252.74","70503.57999999999","87082.12","92432.74","2094.0699999999997","92432.73999999999","16242.690000000002",,"-3.5950044984466083","6360.5300000000025","231074.15","0.26","6045.309999999998"
Indian Railway Finance Corp Ltd,IRFC,"Specialized Finance","167629.726462","128.27","26.142677911327144","13.663317094749608","26.35814549309015","1.3902585439754636","13.754750554422543","1.3147097328278659","1.3527342682873438","24.055106708003336","1.8942849381672229","-75.11697213977233",,"1.9048799849035074","38.81398063496158","3.4085929392009557","203.54794289727255","6.288649067899363","90.19642866005869","25.654000000000003","21.203466134481523","579200.8764620001","21.181148388572293","6.288649067899363","17.62347512832906","3.274954758260357","5.883031979173044","8.378416045850868",,"0.05465408026606054","-7.54","480058.49","412038.52","49178.56999999999","7905.77","49178.570000000014","6421.550000000003","0.30571463995471054","4.906536370722104","6412.110000000003","26655.920000000002","1.25","1632"
DLF Ltd,DLF,"Real Estate","164063.65987368","662.8","60.160485451094544","7.072033815892695","21.566808462343392","6.966039217475836","3.6322629091038428","4.885473263539495","2.545026722419675","39.19181873837727","5.57947918569992","6.753909696852985","25.824","37.19458925668286","14.020024664450776","4.160714205523944","122.04640009784723","23.577988410120806","61.82179630186743","43.85047965597089","67.70285845840985","164133.15987367998","64.62226786316424","23.577988410120806","53.72745796515077","2.2649277301983997","0.06763583835405149","0.12258845124507976","0.001159066586104628","0.12465543628256169","-1528.93","32018.4","4833.86","39431.61","2423.29","39431.61","2654.940000000001","0.45383588903963895","11.017198332596587","2506.990000000001","6958.34","4.28","306.3600000000001"
SBI Life Insurance Company Ltd,SBILIFE,"Insurance","156593.62806958","1562.6","82.68883130981209","13.562753616337767","2.052935146001344","12.70256818901333","14.768863171463703","0.5312878082679814","0.6745072711649936","1.4167983262093033","0.5289893161867568","-4.161927845832422",,"22.122858568888613","327.75634178518936","10.503605181827085","-43.451013849841175","1.171533977959452","70.49537284858586","67.64502164502164","5.401063496450709","151847.73806958","5.3771849761512485","1.171533977959452","17.62347512832906","2.132553274037224","0","0",,"0.3749918378923144","-31221.33","11762.78","0","14908.56","28993.11","14908.56","2154.0099999999657","0.1427410035220776","18.915377735749168","2077.7799999999656","133665.46","5.5","593.5300000000025"
Vedanta Ltd,VEDL,"Metals - Diversified","154600.09499404","395.8","36.470888179768814","9.265978840605055","5.695476037483677","10.559815064534773","11.076602399172081","2.245393606004667","4.116191265337519","2.8246065274464596","27.250883908749557","1.4094500866239315","22.737","204.63983014861998","10.988009939965647","3.674917278614657","-50.21975062915452","1.0301590881434493","5.880103943035683","11.40167424281706","8.179033699822241","238444.09499404","4.336122033826219","1.0301590881434493","29.1167129459607","0.6600983969184221","1.2163112981054933","2.084813045235209","5.087923464105951","0.794940316177269","-13676","51924","87706","42069","18902","42069","40551","2.588818117480538","11.39516129032258","29828","150074","9.09","11784"
Divi's Laboratories Ltd,DIVISLAB,"Labs & Life Sciences Services","152232.957201","5734.5","95.14559825062501","12.149745614701192","25.506341818104588","11.816708413142774","19.680799768061046","10.707712899447884","17.110261307276964","19.550342130987293","15.279932308560145","13.636363636363637","-11.168","32.534342383901254","79.42631864418378","11.217519504900155","205.12458618498735","18.60128998057185","58.2538142243615","71.78939174498986","590.0502217093024","148255.957201","120.72399460824744","18.60128998057185","49.044711930042666","7.570422535211268","0.0001473730749392086","0.0002210596124088129","1.2215394566623545","0.5476995148067593","-269","9675","3","13571","258","13571","2545","0.4977535875","60.27078609453518","2167","8184","22.2","825"
Pidilite Industries Ltd,PIDILITIND,"Diversified Chemicals","152167.3615458","2991.6","87.98954628005411","21.532559750929625","13.398148009849868","19.785254259134977","21.070925957465374","15.317477750694405","14.792438908827359","13.810027278593013","26.1967249513097","5.120006643966447","15.341","22.897817842232467","433.3268028864883","17.658951486165154","487.1896396058918","12.151380343585698","54.25672327720843","71.56937799043062","70.27476841566143","150356.2315458","55.861118102884326","12.151380343585698","29.1167129459607","2.0862352461770532","0.02249388128828909","0.04438546549209064","3.6973124833693274","1.10915622697126","-1769.29","5836.41","382.46999999999997","8617.01","2165.32","8617.01","2771.2","0.47042226925256453","34.011995276970566","2430.54","12522.64","10.86","853.71"
Jio Financial Services Ltd,JIOFIN,"Consumer Finance","151981.472617995","238.57","94.71906305069646","1.2670767724307848",,"1.1531275481024976",,"1.2352558676385865",,"70.27636650315347","1.351639168891422","6.736159775753337",,"-34.6467717416098","-55.51917751033746","1.092231609342155","3113.043657127383","66.56511589786047","71.31636970481337","72.2939393939394",,"141021.702617995",,"66.56511589786047","17.62347512832906","71.1525488206952","0","0",,"0.017577116306705436","1441.22","11222.18","0","139147.66","-678.36","139147.66","1977.4099999999999","0","5.049482769164258","1955.8899999999999","2283.2","0.46","382.98"
HDFC Life Insurance Company Ltd,HDFCLIFE,"Insurance","151683.03543591002","704.7","96.36236519888269","11.381916297082906","2.3319031262673096","10.079756153006356","14.070933722136214","0.5716104408518637","0.7299627577449511","1.543125489612887","0.33258719102519557","0.4740771210806795",,"18.83996385212981","321.1851343190569","10.342248441903424","-28.224102737445282","1.4869922197778165","143.05748403082163","81.00000000000001","14.329457123576816","151074.42543591003","14.147755220742726","1.4869922197778165","17.62347512832906","0.9143811332234815","0.06477412580498897","0.06477412580498897",,"0.3704238214581366","-13613.68","8085.15","950","14666.35","10585.4","14666.349999999975","1056.0400000000081","0.27319531920029844","7.320769645155089","977.2900000000081","102006.61","1.96","418.7300000000032"
Eicher Motors Ltd,EICHERMOT,"Trucks & Buses","151585.319832","5529","37.8867635502036","24.22226063172053","18.015567909097992","21.943658722434954","18.23978177365095","18.911595719211945","14.326734552279357","22.154759551412912","26.914870941428674","2.8584198396732576","14.973","13.123065026080976","38.22043656543595","8.400158922015589","135.70318649276746","8.393721366359957","25.925567016836176","33.428053204353084","52.17724075175548","151677.529832","40.70814317763736","8.393721366359957","41.78192531806184","1.153656753955219","0.015041952217529768","0.023243429259212665","6.895598345287343","0.8536132236201979","-2833.93","4151.33","419.44","18045.530000000002","2905.2","18045.530000000006","5850.499999999998","0.34880751610218436","146.21244567751623","5252.899999999998","18059.37","42.7","1653.48"
Adani Green Energy Ltd,ADANIGREEN,"Renewable Energy","148368.40205186998","936.65","134.8803655017","8.871683200258085","7.013736935572458","7.418657206036012","11.485283922950929","1.4194006258266396","0.9667896451924525","10.233510093962229","10.822068786670556","9.503209600893106","41.92","106.14022656881818","170.03112684259864","8.50346183240887","393.83338448482874","13.802995818389617","24.598531707677154","65.43136570031436",,"211055.40205186998","19.23614703122909","13.802995818389617","22.73527808755144","0.5042443534940124","2.4170105456212747","3.7172168729940394","0.023323615160349854","0.1387012484273686","-21060","13306","64858","17448","-8060","17448","8580","0","6.944302059948041","6677","10749","2.92","1850"
Power Finance Corporation Ltd,PFC,"Specialized Finance","140435.8303968","425.55","7.1066592445382755","16.048381405403234","17.63765341952481","1.9835551251413308","14.783176705573899","2.0425085154478695","1.677928117180003","21.57658117521045","3.4177867998560854","-77.17995570290923",,"-15.381406668839292","-57.411039246818305","1.045776731184955","-25.985287309394753","1.5333741007433987","30.68084023542336","8.39846062759029",,"1032150.1003967999",,"1.5333741007433987","17.62347512832906","0.925224967149238","6.318157900890129","6.418723891107909",,"0.09466321373445984","-3408.99","51935.32","861961.0599999999","134288.53999999998","-98143.82","134288.53999999992","33641.520000000004","0.2254491829427017","59.88045653477062","33588.12","91586.15","17.66","9830.869999999999"
Hindalco Industries Ltd,HINDALCO,"Metals - Aluminium","138121.49646144","617.6","13.601329045932053","10.105784827888185","4.3804126623981485","8.622694799800632","10.566239644638445","4.4714802779318905","3.998274645780259","4.668471839759474","10.427607777233154","8.58621846885157","15.459999999999999","50.95733869030035","-60.704652395603475","1.301105875838993","-69.31621999224795","0.6349742163423637","6.962289648357292","9.055718475073315","16.585194099596542","176779.49646144","5.7416651339142","0.6349742163423637","29.1167129459607","1.387390271436033","0.459941407537892","0.5308740827265277","3.5096573952488956","0.9578038449006191","-14267","82343","56356","106157","8328","106157","25391","0.0774707749876908","45.17832693110543","17870","217523","16.82","8052"
Ambuja Cements Ltd,AMBUJACEM,"Cement","137454.60568978998","558.05","38.429599079003765","7.983687946032733","8.393299366861815","7.475364686833293",,"6.11509447623415",,"10.349355376989525","11.625764440594079","0.5818490525747348","25.302000000000003","-30.410336544219874","-18.354575004647234","2.7033567247268704","92.19050294366865","3.977215778638393","17.398754379887894","46.89495798319327","118.15311312903144","135716.89568979","24.346260718512102","3.977215778638393","29.1167129459607","2.0490069981729553","0.010186858724105583","0.013747617802025335","3.7806880636620193","0.5908671848132961","-8941.03","24852.16","699.01","50845.9","1163.3599999999997","50845.9","7800.380000000003","0.1169574175727397","17.100240767167534","6177.000000000003","34560.51","8.59","3067.04"
Hyundai Motor India Ltd,HYUNDAI,"Four Wheelers","134386.172529","1653.9","22.175789686041675","39.45276896715156",,"54.075781161676346",,"19.894232975688162",,"8.499077098883026","62.8963342707674","-3.2977232875840157",,"-11.371927066488034","101.59775078692402","12.599892789475756","-13.393232576698193","1.8847374627028317","11.899254237177866","24.76268902530319","22.37625151379928","126202.06252899999","14.525157104981","1.8847374627028317","36.517693012135595","1.2405796945339724","0.06362100423227442","0.07812362291691279","15.456245436358348","2.340752148054137","-10089.81","16124.050000000003","833.24","10665.66","6005.749999999999","10665.66","10605.880000000001","1.7792655489072675","74.58133502416064","8397.95","71302.33","14.29","2120"
Bajaj Holdings and Investment Ltd,BAJAJHLDNG,"Asset Management","131615.704926","11826","18.110898807933168","12.690056125726237","91.95175374315642","11.52910511219413","10.044611152746834","12.28096383937768","9.78058848819253","94.76382100887236","11.515915073294455",,,,"-14.881299359309711","2.0900992873389557","728.4236750110975","17.162579729447785","18.64748011670965",,"67.81483242872821","140347.834926","67.80400229043028","17.162579729447785","17.62347512832906","2.0487558163058894","0.0009936315159526532","0.0009936315159526532",,"0.12959549022646377","-471.7","202.54000000000002","62.57","62971.03","1940.81","62971.03","7526.37","0.20061962995427404","652.9769795201895","7492.51","7668.76","157.1","1789.46"
Cholamandalam Investment and Finance Company Ltd,CHOLAFIN,"Consumer Finance","131212.00940715","1560.3","38.365411544578166","20.153957030395997","17.37264257791065","2.2198362646341114","18.486608031126114","2.5304414347928343","2.383243947009772","17.61113745869566","3.736522245131166","-30.622089643236535",,"21.58546326672628","172.72528005092792","6.6967999885241065","226.13484486407623","6.756585363709953","54.39788302944598","31.206",,"261293.15940714997",,"6.756585363709953","17.62347512832906","0.17813996459416834","5.290498151403239","6.8633304139591",,"0.14368415672909338","-2854.59","5956.139999999999","134474.88","19593.24","-36759.09","19593.23999999999","4803.370000000001","0.04863418530669051","41.12333716269457","4605.31","19419.87","12.95","1524.8000000000002"
Britannia Industries Ltd,BRITANNIA,"FMCG - Foods","129859.32442248","5391.3","60.68731542636027","56.83033840956535","12.524879185952027","38.199596085544975","52.07700288192139","23.2305867601039","22.775217926130406","12.599383517483197","61.708731945884274","5.358746308906603","10.635","0.7459189928077572","247.7078355940158","32.74298274403054","41.20864452723948","7.646227617031875","38.42765374725941","60.237988826815645","64.55973493009058","129805.92442248","50.47039791311242","7.646227617031875","49.68463098538352","1.1871139283274696","0.23319347860071302","0.5206630324607541","8.267595431420775","1.8437875732466273","476.79","4848.66","2064.96","3966.02","2011.46","3966.02","3377.9300000000003","0.8273547537398179","88.83734536819243","3077.4700000000003","16983.45","24.15","905.3199999999997"
LTIMindtree Ltd,LTIM,"IT Services & Consulting","127898.9954256","4317.6","27.912746431897993","25.02129657944175","13.856665246144493","21.739602660994738","30.01949594392744","17.959969191995437","20.53972085562578","12.651129658824557","28.76185146621045","5.221859305500707","8.202","1.0985822082122232","-16.641252929326445","6.386519565453602","-7.727089335155167","3.5312777424383404","16.984666388162427","27.57968700095816","26.500423808217477","120409.39542560001","22.559131391762943","3.5312777424383404","27.458074989494207","3.28151553141106","0.08624615507530062","0.10339352055287022","29.111111111111114","1.4196336355993158","-3918.4","18846.4","2070.6","20026.399999999998","4826.3","20026.399999999998","7089.300000000007","0.41976415480892965","154.8488579964314","6270.400000000007","36218.9","36.65","1805.7999999999993"
Bharat Petroleum Corporation Ltd,BPCL,"Oil & Gas - Refining & Marketing","127725.60156672","294.4","4.755439980532292","41.590842558312744","3.5161457633338893","23.809214110952155","22.113415439279485","13.754157727059537","6.816670165243136","5.950339898492921","33.19499660877825","-3.2065379542516874","-42.205","-53.9131941005263","13.79317244902287","1.6887078179263575","-61.63279567107893","0.282964842510497","3.6453171208052533","10.035393168228845","4.846026336562484","171747.62156672002","3.5542619376923907","0.282964842510497","11.390851106271253","0.8122077737107425","0.4690584835534715","0.7218744046250479","9.435618325222617","2.311491101633225","-10520.58","65694.11","54599.05000000001","75635.11","26356.770000000004","75635.10999999999","47114.59000000001","0.3335241076904288","62.96396427058829","40343.33000000001","451383.29","8.91","8004.050000000003"
Tech Mahindra Ltd,TECHM,"IT Services & Consulting","127435.61149103999","1301.7","54.048524680227175","8.490228027691028","9.515666883505052","9.264406151565707","16.88064110740924","5.299838271539739","10.433770151047707","4.45516024254152","11.845083108163452","0.4658671690326838","41.001","75.06243791161204","-38.72841779429927","4.694314301908144","-37.07988375384424","2.4079483832337227","22.62451211716507","27.790350128095643","22.816251855950444","122934.81149103999","19.98551086679631","2.4079483832337227","27.458074989494207","1.856704658941395","0.02848954572914672","0.09344379448038075","6.373158756137479","1.189595431592458","-1318.4","23425.3","2536.7","27146.8","5585.299999999999","27146.8","5433.700000000006","1.4949823903638944","26.75616800426899","3616.6000000000063","52922.9","11.1","1832.1000000000004"
Shriram Finance Ltd,SHRIRAMFIN,"Consumer Finance","126361.796736","672","17.15385260277095","15.760969392967619","16.707642172724753","3.004566942731857","14.322952895705418","3.2108804788297824","2.590301224312104","20.23008821851764","4.15723253246061","-35.662245808432665","-30.381000000000004","14.848380630848292","3.590805482164165","2.5436839035773118","67.50562077609877","3.4702395144150477","29.52421191740053","14.89769143422647",,"311414.59673600004",,"3.4702395144150477","17.62347512832906","1.533663080009079","3.822916945553337","3.9353684796631985",,"0.15871806608785316","-258.21","13311.259999999998","195496.08","49676.689999999995","-31366.9","49676.69","10547.770000000008","0.2291485361195049","39.27583458489277","9960.170000000007","36412.990000000005","17.27","4487.92"
Godrej Consumer Products Ltd,GODREJCP,"FMCG - Personal Products","124428.45866132","1216.3","-221.97566436771075","-4.247749386196227","10.689318453289022","-1.5863956052707855","13.15213916398796","-3.1289998643569703","8.187657699574771","-3.9021765311108956","3.9666482837489356","-0.22318041135923766","12.9","450.03733702280675","4.880489696772861","9.876395389422767","59.96550417244744","8.661882279734298","167.46023914381084","63.39934760648306","60.11181847934491","125387.52866131999","60.11181847934491","8.661882279734298","49.68463098538352","0.9934082721265611","0.002843973562078901","0.2557591853678632","4.618317919425086","0.8018601514847888","-3435.01","5553.49","3222.2000000000003","12598.570000000002","2069.95","12598.570000000002","748.7600000000011",,"-5.4807696125142265","507.8000000000011","14365.060000000001","4.87","833.3000000000002"
TVS Motor Company Ltd,TVSMOTOR,"Two Wheelers","122790.4958861","2586.5","72.8134963774853","25.13039305683054","3.5788204987359533","10.78291758672738","19.740773512040597","4.377422336620531","3.6264750157696577","4.296422777152739","22.107736208565072","-8.425836976593445","-20.813000000000002","52.94674015227957","161.56489941815946","16.347849503748446","43.7539748136116","3.128375643203562","26.211410386120694","47.62474682378936",,"146934.8758861",,"3.128375643203562","36.517693012135595","1.0209600340825904","1.74847659001133","3.462297849452345","11.923317289821602","1.0188527907212779","-1001.36","21520.01","26005.700000000004","7511.110000000001","-2397.84","7511.110000000001","5605.760000000002","0.22537740306101245","35.49601642110634","4630.640000000002","39250.56","11.91","1708.8600000000006"
Bank of Baroda Ltd,BANKBARODA,"Public Banks","121501.154395605","234.95","6.474060545244201","16.551217493472166","7.678405044433634",,"8.770839341337513","1.1775631964106519","0.6102934930239938","13.237093213783638","8.418065087704582","-56.56477619241986",,"2.2231649399118036","-59.01520829594949","1.0063861793893663","-58.63440098164218","0.8569774290907641","0.8083056759974186","6.35",,"22229.214395605",,"0.8569774290907641","17.62347512832906",,"0.8445206106345432","0",,"0.08895934911030683","-1285.3","100289.85",,"120730.15000000001","-7152.75","120730.1499999999","27500.999999999985","0.20997190636306207","36.19531837206284","25799.349999999984","141778.71","10.08","6934.8299999999945"
Macrotech Developers Ltd,LODHA,"Real Estate","121110.36995","1214","78.18111803627919","10.232207907156461","7.794022697707109","8.048637422914119","8.848591362227417","3.5892362301782197","1.929307337219908","14.796313099957008","12.692399127976081","30.63517837528058","38.788","59.893677662191074","89.14146545126236","6.90197695073858","8.941255557205091","11.567923009694827","45.78257037815128","47.984189723320156","51.699124882609055","124217.26994999999","48.20696968912948","11.567923009694827","53.72745796515077","1.6245652158060915","0.11226862405398014","0.43792741861949486","0.0005584178369263934","0.24257639088406752","-2947","44557.6","7684.400000000001","17547.2","2342.6000000000004","17547.199999999997","2713.199999999999","0.1421979346798142","15.823014624412828","2509.299999999999","10469.5","9.48","1369.7999999999997"
Tata Power Company Ltd,TATAPOWER,"Power Transmission & Distribution","120943.60185395","378.5","32.72062275385863","10.191366075937367","4.298186233251434","9.051585584438195","7.529358361165995","2.767166407374659","1.911497914034756","5.692766347923091","10.59809390051642","1.0513112344905235","16.412","16.175980818519864","0.191471934532265","3.155096849352394","-33.35738814781106","1.8627086009625298","12.011405900385187","28.179269289584614",,"169980.73185395","9.601662882743163","1.8627086009625298","22.73527808755144","0.6900442238142439","1.0730956828843832","1.4006149307759392","9.467203028755721","0.4860846622282702","-9027.11","28465.379999999997","53689.45","38332.77","-736.6399999999994","38332.770000000004","14151.61","0.17298569344606013","11.56164975355973","10365.240000000002","64928.89","3.22","3667.58"
Cipla Ltd,CIPLA,"Pharmaceuticals","119672.7048416","1481.8","29.035849338622626","16.317842293916737","12.049853370979275","15.391674652269907","13.045876220652938","13.331332229168037","9.912307289958532","15.540902828210148","21.225605385175804","3.7744261756683324","10.503","19.41946485174965","-28.581311577729025","4.465011244977583","-25.98070922820816","4.512433131060841","16.754257736832884","24.303381250149663","42.97646882026568","114646.0348416","28.949034894712273","4.512433131060841","49.044711930042666","3.6967785472866708","0.008410462821702441","0.020871692871477963","1.7550599458553564","0.8578222498739742","-2982.47","19392.45","559.41","26802.33","2784.6099999999997","26802.329999999998","6842.799999999997","0.2546217990197864","51.05611558022879","5791.779999999997","26520.66","19.45","2210.5299999999997"
Indian Hotels Company Ltd,INDHOTEL,"Hotels, Resorts & Cruise Lines","119048.75430514499","836.35","94.55292740288068","13.415226661040899","-0.608118567341136","11.49861561732896","2.631498764304168","8.915202655577216","2.307461803613909","18.11176307275806","14.80743076647643","20.089129662368908","24.535","33.82661783161379","88.05702057885463","11.753594910422454","686.9310354673366","17.12520218956668","51.38667733815302","70.57805907172997","91.70435094142952","120247.39430514499","61.51945301381036","17.12520218956668","36.517693012135595","1.5355309118933471","0.24399948265869995","0.2701459514587742","7.354930201639709","0.49223273403938195","-1207.54","3068.3900000000003","2736.2300000000005","10128.71","1298.18","10128.71","2340.05","0.19763424574288957","8.854740702563493","1885.7500000000002","6951.67","4.09","1020.3600000000001"
Gail (India) Ltd,GAIL,"Gas Distribution","117687.35053005701","178.99","11.888547838118203","13.912899510873919","9.281607623917807","10.726809041964575","15.029522711262297","8.513982307582854","9.764725406241999","7.2827221752895435","12.916800102913712","-1.0125032121910444","1.237","-0.3694284549696357","-51.58785916297943","1.5245308814815652","-69.02369285143745","0.86580990972654","8.122329261798637","11.932666666666668","1391.926085512218","137967.590530057","9.350863560452403","0.86580990972654","22.73527808755144","0.9368035009178921","0.19609064122417053","0.28231815262440507","18.901923180086904","1.1690659210468037","-8226.07","20289.59","21793.77","77195.78000000001","84.54999999999927","77195.78000000001","16986.210000000046","0.36531209566511136","15.055619743404161","13314.210000000046","135927.47000000003","6.21","6380.68"
Shree Cement Ltd,SHREECEM,"Cement","112301.32815","31125","46.87620659932377","12.154435453184854","12.25802185672988","11.848609729017369","12.527264672292763","8.830685239721756","8.780998619651198","11.34375991401149","14.761551716860675","-15.022893968019458","12.659","-52.92800522853447","63.50086252453746","5.413667161748628","156.9580663802194","5.317524333423299","21.17597512932905","99.5840665493521","763.227729713199","108312.14815","33.54792042694676","5.317524333423299","29.1167129459607","1.9929093985962405","0.04120364210635923","0.0798084654676717","2.53464349340829","0.7784619303176846","-1417.87","12212.210000000001","1655.5500000000002","20744.039999999997","147.13999999999987","20744.039999999997","5114.860000000001","0.158136600576032","663.9829085583261","3217.540000000001","21119.1","53.61","1075.58"
REC Limited,RECLTD,"Specialized Finance","111464.37192","423.3","7.87986901238984","22.194046697454382","24.723653854674914","2.747130002801419","19.819774172712446","2.790874215039129","2.318629853201728","29.735325321628224","3.5651264124404114","-56.30783563931393",,"10.388904425872303","-34.54450516523325","1.6072670526782515","13.099745219309854","2.3431046857522917","30.809137486633897","7.138279932546375",,"554069.3719200001",,"2.3431046857522917","17.62347512832906","0.9114630394234444","6.264101715566995","6.424886716342046",,"0.09385719459437575","-1830.97","40490.670000000006","445567.5","69350.25","-57756.28","69350.25000000006","17983.930000000004","0.29784527332444466","53.71916707427854","17959.940000000002","47571.23","15.48","5187.279999999999"
ABB India Ltd,ABB,"Heavy Electrical Equipments","111177.72894375","5246.5","59.40123578452593","28.75023041474651","9.705121663869907","26.491031641804415","18.786375165129925","16.002038258383433","9.883490270688215","14.923323852967403","35.501034792346026","9.077629765000161","36.022999999999996","3.245484354984238","158.55417736973777","15.713278251936286","148.92696795952767","8.864638788789568","39.80998657348835","57.53397948164917","99.45675085543678","105721.78894375","83.47929790039797","8.864638788789568","41.78192531806184","2.0407056557122165","0.00398422704016734","0.007332447635469372","4.158945713216024","1.0722837898610327","-502.67","10762.599999999999","51.88","7075.400000000001","1117.85","7075.400000000001","2655.659999999998","0.4999825735718412","88.32307831155791","2526.739999999998","12541.71","24.93","740.46"
Punjab National Bank,PNB,"Public Banks","111010.33902561202","96.59","12.189294077829844","8.499987260099036","3.7012291201244985",,"3.9834738551411575","0.5885252985585573","0.2825729379878739","7.390872995745497","6.413057429584971","-52.612563235941565",,"74.70701731937356","-59.25221776224955","1.0005663852327633","-56.51452398728034","0.900895244370331",,"6.684429065743945",,"-19829.08097438798",,"0.900895244370331","17.62347512832906",,"0.6542339394758782","0",,"0.0796286580620906","-1506.42","131400.19",,"110947.5","-29083.09","110947.5","15065.550000000003","0.1813567653834328","8.270990039046138","14159.950000000003","123222.25","4.18","7055.040000000001"
United Spirits Ltd,UNITDSPR,"Alcoholic Beverages","109226.27759501","1501.7","77.57548124645596","21.463414634146343","8.516027884613653","20.09206607094503","18.057022273825044","13.478843576488607","9.403617089779472","12.162045434914054","26.577753334249966","5.910857735164544","8.495999999999999","14.940031812855095","62.885485208944914","15.338615025278754","74.23891659006759","9.434765275547207","48.7424264470154","67.49213483146067","107.08458587746078","107623.27759501","97.697922714678","9.434765275547207","49.68463098538352","1.8900845503458878","0.019238870945091982","0.03721387445583486","1.8425343582576288","1.1082711085583","226","7377","265","7121","1020","7121","2208","0.46492597137784086","19.357920516524096","1933","11577","4.72","572"
Tata Consumer Products Ltd,TATACONSUM,"Tea & Coffee","109181.27088971999","1103.4","94.91299965203018","6.65642257430705","7.067743330786246","6.121161841598792","5.857358535728983","4.543052624262267","4.425678767670991","7.4447932785683255","8.417351770819408","13.799364125225624","28.021","13.453348607536853","-33.50418928489325","6.261783485768917","30.494559070280058","7.066076618581921","50.549649013801336","80.54014598540147","68.15352835518324","111344.70088971998","56.375483244376966","7.066076618581921","49.68463098538352","1.199567442889701","0.03601143143576013","0.1994261341249463","2.7493812853910238","0.610232205821022","-1910.77","7426.629999999999","3477.2200000000003","17436.13","1601.99","17436.13","2202.680000000001","0.6339185325732609","12.07544789831782","1825.530000000001","15451.470000000001","2.82","610.1700000000001"
Torrent Pharmaceuticals Ltd,TORNTPHARM,"Pharmaceuticals","109040.3518592","3221.8","65.83051706685654","25.37692792062647","13.057210023715296","18.47695689224857","20.8017076570126","11.378049249605722","8.478480345115958","15.232299043693631","29.79747142133436","6.235721248504476","37.422","17.11953510443722","154.3877809538856","15.904020749137635","64.48521387043469","10.027501221633361","31.896450098521868","56.20797333950694","38.485282835986304","112082.2118592","33.385695347082745","10.027501221633361","49.044711930042666","1.0343265287313952","0.24332023074174286","0.5866178540434501","1.3247336821396807","0.7469686103829731","-159.83","5611.480000000001","4021.94","6856.15","2833.3","6856.150000000001","3513.9400000000023","0.5721194605102685","48.940827803737065","2705.6700000000023","10874.130000000001","14.88","947"
Solar Industries India Ltd,SOLARINDS,"Commodity Chemicals","108090.3706975","11945","129.30552880923048","27.061727595723493","11.662714528420668","20.707149256641152","24.12722994369249","15.944069015371289","13.706774122146712","13.671630952809293","31.176851620121592","20.85359989794482","41.812","46.030270710466255","852.5103816797381","31.538513588883212","754.2602352730692","17.67817470037649","76.97797125768194","88.54707190511489","127.72714141930375","108849.16069749999","76.87738401398283","17.67817470037649","29.1167129459607","1.7639168254052833","0.17720037931286015","0.3319979575461375","3.262673474529646","1.166215579575387","-1020.91","2648.38","1137.8399999999997","3427.25","846.26","3427.25","1414.0299999999997","0.09201314314595724","92.37810718536967","1270.6499999999996","6114.34","34.8","537.04"
Mazagon Dock Shipbuilders Ltd,MAZDOCK,"Shipbuilding","107351.5194","2661.3","55.422396526533745","35.206018377571745","12.229093662990246","31.168727179552864","21.752425528166448","6.572783335208146","3.411350880622352","18.32854689370318","35.720511970134105","14.65901845657431","49.079","44.111142660960255","182.92213333182582","17.194207612113143","185.24907289842315","10.15811993697986","37.001227272185574","38.45809248554914","425.01987251563867","93142.8194","157.0040503107861","10.15811993697986","41.78192531806184","1.1392487163875442","0.00012973554770023723","0.0001489556288410131","0.7792028317157045","0.35860907977741774","1419.81","25802.809999999998","0.93","6243.469999999999","252.57999999999998","6243.4699999999975","2517.289999999999","0.2858273747141155","48.01849372799838","2434.159999999999","10568.05","20.01","1103.54"
Adani Energy Solutions Ltd,ADANIENSOL,"Power Infrastructure","106601.82165108001","887.4","93.7340159424943","8.557765746513219","8.417915843176246","7.688745820102822","10.29271269636605","2.0223680723050665","2.432227458267179","6.605061704662078","8.988674958028122","29.171504055856815","31.734","38.29880794791065","147.03751515772163","7.779377532803092","121.50380613501095","6.191189591259537","22.47055537294749","62.93617021276596","175.30887654762535","142062.22165108","17.656265490554226","6.191189591259537","22.73527808755144","1.0105376843718017","2.4523674518157526","2.705195820225014","26.814951251258627","0.306184584298071","-4942.96","8046.76","37069.649999999994","13703.13","608.0799999999999","13703.129999999997","6322.1500000000015","0","10.195315642424534","4546.0700000000015","17218.31","4.85","1830.87"
Max Healthcare Institute Ltd,MAXHEALTH,"Hospitals & Diagnostic Centres","104417.77791273","1074.1","98.72714525994667","13.372841741514113","10.780579096621988","11.512513018834689","9.053273800534372","9.570627537407605","5.6542339493308","17.980133519882635","13.256250680154738","46.72396880796022","51.768","38.23073189672289","98.63868241245476","12.418653580070028","191.18140156429533","17.75127253810689","62.638057893251656","71.36877076411959","310.9059934873605","104617.45791273","93.08056508533608","17.75127253810689","49.044711930042666","1.3663540774078848","0.14134755130147691","0.15448719930924082","15.33388863971295","0.5322890136952708","-1252.55","1706.1799999999998","1298.95","8408.14","335.8499999999999","8408.14","1670.1900000000003","0.13777149358477364","10.887593369066723","1425.2100000000003","5882.2699999999995","2.46","458.79999999999995"
Bajaj Housing Finance Ltd,BAJAJHFL,"Consumer Finance","103512.592971837","124.23","59.791703522277345","15.228425949423597","18.809897273742394","2.127777773680903","11.569036798118956","2.3637431225830094","1.881024378143632","22.72625237768306","2.7782912477886867","-52.620062459715584",,"-0.29974218859535523","244.5883016671478","8.461404583466464","555.9015940376067","13.588413443388761","78.41171099896269","48.31032471320241",,"172577.90297183697",,"13.588413443388761","17.62347512832906","0.10240583051351654","5.359025626353865","5.650821105979482",,"0.10400936693390682","273.31","413.1","69129.31999999999","12233.5","-15471.11","12233.5","2200.92","0","2.5792310435789543","2161.32","7617.71","0.66","723.1499999999999"
Siemens Ltd,SIEMENS,"Conglomerates","101120.41739475","2839.5","37.223152983416725","19.08944620508895","9.26624782613943","17.750151800837322","13.652759220339144","11.573469548602322","8.08232513995728","11.727174616878925","22.576767232962332","3.2242607381826094","28.088","112.53820364188077","8.282919402961763","6.580747059745153","22.57938959312606","4.365224148273257","22.793367928610408","35.22952853598015","76.19079068320524","91841.31739474999","60.56928265633423","4.365224148273257","41.78192531806184","2.2617677090696917","0.010191265187653339","0.018182883099810622","4.048645595996183","0.9868932566199384","-502","20157.1","279.4","15366.099999999999","1327.2","15366.099999999999","4029.300000000003","0.15730856806301977","37.92259397082705","3699.700000000003","23165","8.580447913300688","815.6999999999998"
Indus Towers Ltd,INDUSTOWER,"Telecom Infrastructure","100333.683757475","380.45","16.621994592206196","25.073367076303825","22.59272287824168","16.60717514053033","23.442764936369304","11.784849668098394","11.879121658653546","20.06041854297592","21.846334916464485","0.1711526382431431","8.282","65.86081921159015","-69.7261214330994","3.710729905079921","-40.90376571374011","3.3344416853873864","7.528407759983735","10.240915208613728","38.16129764090787","120801.58375747499","8.66282312857556","3.3344416853873864","-117.81150547736026","1.0328361148033278","0.5667633178987233","0.7593162418450522",,"0.5874677860210855","-7545.8","10490","20531","27038.800000000003","2629.2000000000007","27038.800000000007","16046.099999999997","0","22.39829766703817","9986.199999999997","30090.1","15.18","7041.9"
Mankind Pharma Ltd,MANKIND,"Pharmaceuticals","100095.67643547","2426.1","52.326938002430865","22.244096777269483","17.46808456615461","19.9115401560058",,"17.73777919135927",,"17.993780359783425","24.934600958298255","15.582588017503785","16.543","0.5193457020528923","67.19759217058878","10.452994106540556","54.44785363735702","9.415594293157454","34.26454960389387","50.543749999999996","56.768038630855706","97059.47643546999","46.503136628246885","9.415594293157454","49.044711930042666","3.0986309512577135","0.0034033745518646497","0.021635812815443942","2.2233020524784397","0.9857727968606127","-2080.52","6568.23","207.17999999999998","9575.79","1763.2399999999998","9575.79","2832.6500000000005","0","47.75200202981395","2434.4000000000005","10630.84","9.45","910.5600000000004"
Apollo Hospitals Enterprise Ltd,APOLLOHOSP,"Hospitals & Diagnostic Centres","99283.3056585","6905","110.48665219062975","12.974487070272469","4.397709548947644","10.653515739225966","12.523655112170877","5.768039566209538","5.205006642034869","4.688168452685293","15.002028531922477","14.09793308951657","16.265","60.21267009934026","116.93258778698606","13.562366731575713","-15.033610743714476","5.179800372429228","41.37148571711552","68.97412845869543","126.73385966109267","103383.20565850001","51.70466912743464","5.179800372429228","49.044711930042666","1.1318898059813485","0.5760535482549006","0.7284475104159552","23.7350276503118","1.23033965703722","-1537.1","5279.7","5332.6","7320.5","783.4000000000001","7320.5","2498.900000000001","0.2560154141998662","62.49623699418784","1811.900000000001","19167.4","25.89","830.6000000000004"
Havells India Ltd,HAVELLS,"Electrical Components & Equipments","98536.43201844","1571.7","77.54133905571487","18.06056049476233","7.7939923549569485","17.483664347502906","19.147330238964173","10.77365830540143","11.293292673435143","6.745379391760788","21.983628664439127","13.759634417380587","24.175","12.917129856149339","117.72797482719179","13.23212135458105","46.87591437425446","5.230457504759549","44.975504215071794","68.48366013071896","84.44869990096157","95801.42201844","50.45672414649058","5.230457504759549","41.78192531806184","1.844376009787349","0.03255644065338483","0.040710322341528396","3.391992086786817","1.5971908590584283","-1618.4","7899.61","303.16","7446.76","1166.8200000000002","7446.760000000001","2130.079999999997","0.443779112971766","20.28035961343813","1791.5799999999972","18838.969999999998","4.43","490.83000000000084"
Dr Reddy's Laboratories Ltd,DRREDDY,"Pharmaceuticals","96220.76894365","1154.9","17.250357472104202","21.644558011210506","13.572198113956187","19.00068744877184","16.024254241435067","15.714873332131262","10.945514277921731","19.287277706508615","25.254096198576992","11.974106742369502","4.548","0.9080407979706063","-45.52893092836283","3.405466290458612","-45.42381513065517","3.327124351010197","10.414954472766652","17.105542038620992","53.46192296013445","92090.06894365","21.178607827713332","3.327124351010197","49.044711930042666","2.5871193158114307","0.02119993770969888","0.07085521752056287","1.6793676819162018","0.8147792327803823","-4034.2","24805.3","2002","28254.800000000003","1799.8000000000002","28254.800000000003","8842.099999999999","0.11952388605030571","66.93222806220446","7372.0999999999985","28920.1","16.97","2427.4000000000005"
Union Bank of India Ltd,UNIONBANK,"Public Banks","93435.33262968001","122.4","6.772089583165176","15.642889443420376","4.618720460523463",,"6.064396452905684","1.0232472909769161","0.3855103288982173","11.67383996190489","11.936398567114725","-52.641613776517424",,"19.0218012009389","-61.01210398561909","0.9573521806740071","-61.8401759361049","0.7905629000155345",,"5.392070484581498","5.1110932033221586","-26210.517370319998","4.688248167918317","0.7905629000155345","17.62347512832906",,"0.27638234359307384","0",,"0.08765301685786919","-1393.77","119645.85",,"97597.66","18280.89","97597.65999999968","22402.750000000015","0.1887570415521498","19.07213617249554","21508.230000000014","118188.36000000002","6.06","5888.739999999998"
Marico Ltd,MARICO,"FMCG - Personal Products","92148.15589978","711.85","62.22022680606347","36.45538461538462","12.382216251902491","33.0849478390462","35.94928491344613","20.92842506888999","21.427005601809753","13.180847276610894","40.945202688938686","-4.601281594873621","11.193999999999999","9.83678533963536","134.72048380060662","22.103179635351403","51.45687084460046","8.201153070468138","42.34831914196494","56.49603174603175","71.82241301619642","91811.15589978","64.1700249998468","8.201153070468138","49.68463098538352","1.637888707037643","0.024946030223075077","0.1266490765171504","3.269035532994924","1.5877905744365153","127","4003","528","4169","1283","4169","2168","0.8281344926401079","11.471566616811028","2010","11236","3.08","575"
Lupin Ltd,LUPIN,"Pharmaceuticals","91897.4122576","2012.8","48.00123911328401","14.225448028274355","1.8272905709043221","12.871128554594858","2.628003852981494","8.225197034086271","1.4796237075519059","9.505151056276844","17.927305323804042","12.16096119951345","14.228","70.05193936343026","2.2660714788803253","6.393552853184171","-25.157960841145503","4.562590286602289","23.622537584393577","28.15104895104895","33.792522139542406","92852.8722576","25.188690879628105","4.562590286602289","49.044711930042666","1.5817973298829617","0.010803251828892869","0.20327548361736397","1.6079299911282006","0.8653410119826198","-1712.2","13447.65","2921.77","14373.449999999999","2719.46","14373.449999999995","3930.6900000000005","0.19026790418285902","42.04597740411075","2733.8800000000006","20141.5","18.75","1409.6099999999997"
GMR Airports Ltd,GMRAIRPORT,"Construction & Engineering","90838.87011505601","86.03","-162.42399934746385","-951.220341865801","-24.977312666773674",,"-343.85262403055714","-1.210416415970994","-3.0902381802296945","-5.857095131323048","5.604938012182301","6.171696554150921","329.754","28.79835899877063","-1855.8776657037872","-106.71107548229189","167.14274433155393","9.513328157880483","32.548514192145916","-130.40183105209707",,"122376.880115056","23.41147653799026","9.513328157880483","41.78192531806184","1.0634639569527886",,,"1.5689811320754716","0.20665814517811587","-5791.72","8041.84","35886.59","-851.2599999999996","-644.48","-851.260000000002","3759.830000000001","0","-0.9265657233779333","2293.9100000000008","9548.59","0.25","1554.16"
ICICI Lombard General Insurance Company Ltd,ICICIGI,"Insurance","90351.10769802","1822.6","47.09269756696107","16.941881658142325","9.695172474863753","15.67466039651925","18.368643491941572","3.240994873833248","3.3168427554386724","9.312536768060745","19.677798451140667","10.671620202192793",,"35.88683060909658","201.4764620262684","7.402788502264233","111.68569114048972","4.385524775994898","33.48885373671258","34.388679245283015","40.766089751084","90051.52769802","37.54039966345766","4.385524775994898","17.62347512832906","0.26642928140982913","0.0028676748318928044","0.0028676748318928044",,"0.34802492108797944","-1920.74","13407.589999999998","35","12205.010000000002","2216.33","12205.010000000002","2688.9999999999964","0.2820292710754835","39.003043755184954","2555.1699999999964","20602.12","14.63","960.1099999999997"
CG Power and Industrial Solutions Ltd,CGPOWER,"Heavy Electrical Equipments","90088.6319877","589.25","63.131044623163135","59.332544732974235","8.985041665589264","47.55007064728724",,"27.7269680277462","16.312534241607626","16.262852349834635","55.121809910962405","13.29213895467175","24.868000000000002","-29.36368400782054","391.0488796803961","29.842827372638528","188.30395490776772","10.266908573973238","48.54461994322382","89.28030303030303","553.6420353226401","88665.29198770001","226.92922236756596","10.266908573973238","41.78192531806184","1.655017895893808","0.003945315476170759","0.005777187397516208","8.824110411877172","1.7049265055910157","-662.17","4110.75","17.44","3018.7699999999995","162.72","3018.77","1826.4699999999998","0.13913213756035347","9.343635645905886","1731.5799999999997","8774.66","1.57","364.6400000000003"
Dixon Technologies (India) Ltd,DIXON,"Home Electronics & Appliances","89939.3988528","14931","244.56668620747746","24.316219960128716","2.23190969552535","20.290399016025784","23.9510085815232","6.30304671538853","6.388822411470255","2.0749053527198082","25.456727681794256","122.51222938776891","66.464","105.40804524813012","731.1922802802669","51.949655083406505","133.1828231541851","5.074527263088407","122.49517267270275","117.98498617147372",,"90238.51885280001","153.92411366021463","5.074527263088407","36.517693012135595","1.0221192741598015","0.24015179520354882","0.27734393050228734","12.219331443563222","3.0377514362890956","-530.9","4836.28","480.16","1731.28","-0.12000000000000455","1731.2799999999997","736.6700000000006","0.08115687287559467","61.609076629461775","574.7900000000006","17723.7","36.12","400.60000000000036"
Samvardhana Motherson International Ltd,MOTHERSON,"Auto Parts","89804.23394012099","127.63","33.062452669214906","10.329249093024787","1.937828594008706","9.405161059799623","7.165675307941936","3.733408105957184","2.576711754090244","2.7404004766089174","13.310753837964603","14.215638301843587","40.989","34.851334053044745","-49.075368569489946","3.182797892651947","-58.3658149715753","0.906043610525763","11.065688069005292","23.61218516778101","26.079347739253954","104702.43394012099","11.864898986658694","0.906043610525763","36.517693012135595","0.9652879646407992","0.4219418404777517","0.7060622707377152","6.612213614442204","1.3623585814643613","-6644.5","40272.2","19921.9","28215.499999999996","3443.5","28215.499999999993","9461.899999999983","0.1995853432442395","4.00831036485987","5651.399999999983","99116.9","1.25","2900.16"